{
  "categories": [
    {
      "id": "outfit_type",
      "label": "Outfit Type",
      "options": [
        { "value": "None", "display": "None" },
        { "value": "Casual", "display": "Casual" },
        { "value": "Smart Casual", "display": "Smart Casual" },
        { "value": "Business Casual", "display": "Business Casual" },
        { "value": "Formal", "display": "Formal" },
        { "value": "Semi-Formal", "display": "Semi-Formal" },
        { "value": "Black Tie", "display": "Black Tie" },
        { "value": "White Tie", "display": "White Tie" },
        { "value": "Athletic", "display": "Athletic" },
        { "value": "Activewear", "display": "Activewear" },
        { "value": "Sportswear", "display": "Sportswear" },
        { "value": "Sleepwear", "display": "Sleepwear" },
        { "value": "Loungewear", "display": "Loungewear" },
        { "value": "Workwear", "display": "Workwear" },
        { "value": "Uniform", "display": "Uniform" },
        { "value": "Evening Wear", "display": "Evening Wear" },
        { "value": "Cocktail Attire", "display": "Cocktail Attire" },
        { "value": "Party Outfit", "display": "Party Outfit" },
        { "value": "Club Wear", "display": "Club Wear" },
        { "value": "Festival Outfit", "display": "Festival Outfit" },
        { "value": "Beach Wear", "display": "Beach Wear" },
        { "value": "Swimwear", "display": "Swimwear" },
        { "value": "Lingerie", "display": "Lingerie" },
        { "value": "Costume", "display": "Costume" },
        { "value": "Cosplay", "display": "Cosplay" },
        { "value": "Traditional", "display": "Traditional" },
        { "value": "Ethnic", "display": "Ethnic" }
      ],
      "allow_custom": false,
      "default": "None"
    },
    {
      "id": "top",
      "label": "Top",
      "options": [
        { "value": "T-shirt", "display": "T-shirt" },
        { "value": "V-neck T-shirt", "display": "V-neck T-shirt" },
        { "value": "Scoop Neck T-shirt", "display": "Scoop Neck T-shirt" },
        { "value": "Graphic Tee", "display": "Graphic Tee" },
        { "value": "Long Sleeve Shirt", "display": "Long Sleeve Shirt" },
        { "value": "Tank Top", "display": "Tank Top" },
        { "value": "Muscle Shirt", "display": "Muscle Shirt" },
        { "value": "Crop Top", "display": "Crop Top" },
        { "value": "Halter Top", "display": "Halter Top" },
        { "value": "Tube Top", "display": "Tube Top" },
        { "value": "Off-shoulder Top", "display": "Off-shoulder Top" },
        { "value": "Cold Shoulder Top", "display": "Cold Shoulder Top" },
        { "value": "One Shoulder Top", "display": "One Shoulder Top" },
        { "value": "Blouse", "display": "Blouse" },
        { "value": "Silk Blouse", "display": "Silk Blouse" },
        { "value": "Peasant Blouse", "display": "Peasant Blouse" },
        { "value": "Peplum Top", "display": "Peplum Top" },
        { "value": "Button-down Shirt", "display": "Button-down Shirt" },
        { "value": "Dress Shirt", "display": "Dress Shirt" },
        { "value": "Oxford Shirt", "display": "Oxford Shirt" },
        { "value": "Flannel Shirt", "display": "Flannel Shirt" },
        { "value": "Chambray Shirt", "display": "Chambray Shirt" },
        { "value": "Polo Shirt", "display": "Polo Shirt" },
        { "value": "Henley", "display": "Henley" },
        { "value": "Sweater", "display": "Sweater" },
        { "value": "Pullover Sweater", "display": "Pullover Sweater" },
        { "value": "Cable Knit Sweater", "display": "Cable Knit Sweater" },
        { "value": "Turtleneck", "display": "Turtleneck" },
        { "value": "Mock Neck", "display": "Mock Neck" },
        { "value": "Cowl Neck", "display": "Cowl Neck" },
        { "value": "Cardigan", "display": "Cardigan" },
        { "value": "Cropped Cardigan", "display": "Cropped Cardigan" },
        { "value": "Hoodie", "display": "Hoodie" },
        { "value": "Zip-up Hoodie", "display": "Zip-up Hoodie" },
        { "value": "Pullover Hoodie", "display": "Pullover Hoodie" },
        { "value": "Sweatshirt", "display": "Sweatshirt" },
        { "value": "Crewneck Sweatshirt", "display": "Crewneck Sweatshirt" },
        { "value": "Jersey", "display": "Jersey" },
        { "value": "Jacket", "display": "Jacket" },
        { "value": "Blazer", "display": "Blazer" },
        { "value": "Suit Jacket", "display": "Suit Jacket" },
        { "value": "Sport Coat", "display": "Sport Coat" },
        { "value": "Leather Jacket", "display": "Leather Jacket" },
        { "value": "Moto Jacket", "display": "Moto Jacket" },
        { "value": "Bomber Jacket", "display": "Bomber Jacket" },
        { "value": "Denim Jacket", "display": "Denim Jacket" },
        { "value": "Jean Jacket", "display": "Jean Jacket" },
        { "value": "Varsity Jacket", "display": "Varsity Jacket" },
        { "value": "Track Jacket", "display": "Track Jacket" },
        { "value": "Windbreaker", "display": "Windbreaker" },
        { "value": "Rain Jacket", "display": "Rain Jacket" },
        { "value": "Puffer Jacket", "display": "Puffer Jacket" },
        { "value": "Down Jacket", "display": "Down Jacket" },
        { "value": "Parka", "display": "Parka" },
        { "value": "Trench Coat", "display": "Trench Coat" },
        { "value": "Peacoat", "display": "Peacoat" },
        { "value": "Overcoat", "display": "Overcoat" },
        { "value": "Vest", "display": "Vest" },
        { "value": "Suit Vest", "display": "Suit Vest" },
        { "value": "Puffer Vest", "display": "Puffer Vest" },
        { "value": "Fleece Vest", "display": "Fleece Vest" },
        { "value": "Corset", "display": "Corset" },
        { "value": "Bustier", "display": "Bustier" },
        { "value": "Camisole", "display": "Camisole" },
        { "value": "Bralette", "display": "Bralette" },
        { "value": "Bra", "display": "Bra" },
        { "value": "Sports Bra", "display": "Sports Bra" },
        { "value": "Push-up Bra", "display": "Push-up Bra" },
        { "value": "Strapless Bra", "display": "Strapless Bra" },
        { "value": "Bikini Top", "display": "Bikini Top" },
        { "value": "Swimsuit Top", "display": "Swimsuit Top" },
        { "value": "Rashguard", "display": "Rashguard" },
        { "value": "Shirtless/Topless", "display": "Shirtless/Topless" },
        { "value": "Bare Chest", "display": "Bare Chest" }
      ],
      "allow_custom": true,
      "default": "T-shirt"
    },
    {
      "id": "bottom",
      "label": "Bottom",
      "options": [
        { "value": "Jeans", "display": "Jeans" },
        { "value": "Skinny Jeans", "display": "Skinny Jeans" },
        { "value": "Slim Fit Jeans", "display": "Slim Fit Jeans" },
        { "value": "Straight Leg Jeans", "display": "Straight Leg Jeans" },
        { "value": "Bootcut Jeans", "display": "Bootcut Jeans" },
        { "value": "Flare Jeans", "display": "Flare Jeans" },
        { "value": "Wide Leg Jeans", "display": "Wide Leg Jeans" },
        { "value": "Boyfriend Jeans", "display": "Boyfriend Jeans" },
        { "value": "Mom Jeans", "display": "Mom Jeans" },
        { "value": "High-Waisted Jeans", "display": "High-Waisted Jeans" },
        { "value": "Low-Rise Jeans", "display": "Low-Rise Jeans" },
        { "value": "Ripped Jeans", "display": "Ripped Jeans" },
        { "value": "Distressed Jeans", "display": "Distressed Jeans" },
        { "value": "Black Jeans", "display": "Black Jeans" },
        { "value": "White Jeans", "display": "White Jeans" },
        { "value": "Dress Pants", "display": "Dress Pants" },
        { "value": "Slacks", "display": "Slacks" },
        { "value": "Trousers", "display": "Trousers" },
        { "value": "Chinos", "display": "Chinos" },
        { "value": "Khakis", "display": "Khakis" },
        { "value": "Cargo Pants", "display": "Cargo Pants" },
        { "value": "Joggers", "display": "Joggers" },
        { "value": "Sweatpants", "display": "Sweatpants" },
        { "value": "Track Pants", "display": "Track Pants" },
        { "value": "Palazzo Pants", "display": "Palazzo Pants" },
        { "value": "Culottes", "display": "Culottes" },
        { "value": "Leggings", "display": "Leggings" },
        { "value": "Yoga Pants", "display": "Yoga Pants" },
        { "value": "Athletic Leggings", "display": "Athletic Leggings" },
        { "value": "Leather Leggings", "display": "Leather Leggings" },
        { "value": "Jeggings", "display": "Jeggings" },
        { "value": "Tights", "display": "Tights" },
        { "value": "Capris", "display": "Capris" },
        { "value": "Shorts", "display": "Shorts" },
        { "value": "Jean Shorts", "display": "Jean Shorts" },
        { "value": "Denim Shorts", "display": "Denim Shorts" },
        { "value": "Athletic Shorts", "display": "Athletic Shorts" },
        { "value": "Running Shorts", "display": "Running Shorts" },
        { "value": "Basketball Shorts", "display": "Basketball Shorts" },
        { "value": "Board Shorts", "display": "Board Shorts" },
        { "value": "Cargo Shorts", "display": "Cargo Shorts" },
        { "value": "Bermuda Shorts", "display": "Bermuda Shorts" },
        { "value": "Hot Pants", "display": "Hot Pants" },
        { "value": "Booty Shorts", "display": "Booty Shorts" },
        { "value": "Skirt", "display": "Skirt" },
        { "value": "Mini Skirt", "display": "Mini Skirt" },
        { "value": "Micro Mini Skirt", "display": "Micro Mini Skirt" },
        { "value": "Midi Skirt", "display": "Midi Skirt" },
        { "value": "Maxi Skirt", "display": "Maxi Skirt" },
        { "value": "Pencil Skirt", "display": "Pencil Skirt" },
        { "value": "A-Line Skirt", "display": "A-Line Skirt" },
        { "value": "Pleated Skirt", "display": "Pleated Skirt" },
        { "value": "Wrap Skirt", "display": "Wrap Skirt" },
        { "value": "Tennis Skirt", "display": "Tennis Skirt" },
        { "value": "Skater Skirt", "display": "Skater Skirt" },
        { "value": "Denim Skirt", "display": "Denim Skirt" },
        { "value": "Leather Skirt", "display": "Leather Skirt" },
        { "value": "Tulle Skirt", "display": "Tulle Skirt" },
        { "value": "Underwear", "display": "Underwear" },
        { "value": "Panties", "display": "Panties" },
        { "value": "Thong", "display": "Thong" },
        { "value": "G-string", "display": "G-string" },
        { "value": "Boyshorts", "display": "Boyshorts" },
        { "value": "Bikini Underwear", "display": "Bikini Underwear" },
        { "value": "Briefs", "display": "Briefs" },
        { "value": "Boxer Briefs", "display": "Boxer Briefs" },
        { "value": "Boxers", "display": "Boxers" },
        { "value": "Trunks", "display": "Trunks" },
        { "value": "Bikini Bottom", "display": "Bikini Bottom" },
        { "value": "Swimsuit Bottom", "display": "Swimsuit Bottom" },
        { "value": "Swim Trunks", "display": "Swim Trunks" },
        { "value": "Speedos", "display": "Speedos" },
        { "value": "Nude", "display": "Nude" },
        { "value": "Bare", "display": "Bare" }
      ],
      "allow_custom": true,
      "default": "Jeans"
    },
    {
      "id": "dress",
      "label": "Dress/One-Piece",
      "options": [
        { "value": "None", "display": "None" },
        { "value": "Dress", "display": "Dress" },
        { "value": "Sundress", "display": "Sundress" },
        { "value": "Maxi Dress", "display": "Maxi Dress" },
        { "value": "Midi Dress", "display": "Midi Dress" },
        { "value": "Mini Dress", "display": "Mini Dress" },
        { "value": "Cocktail Dress", "display": "Cocktail Dress" },
        { "value": "Evening Gown", "display": "Evening Gown" },
        { "value": "Ball Gown", "display": "Ball Gown" },
        { "value": "A-Line Dress", "display": "A-Line Dress" },
        { "value": "Bodycon Dress", "display": "Bodycon Dress" },
        { "value": "Shift Dress", "display": "Shift Dress" },
        { "value": "Sheath Dress", "display": "Sheath Dress" },
        { "value": "Wrap Dress", "display": "Wrap Dress" },
        { "value": "Shirt Dress", "display": "Shirt Dress" },
        { "value": "T-Shirt Dress", "display": "T-Shirt Dress" },
        { "value": "Sweater Dress", "display": "Sweater Dress" },
        { "value": "Slip Dress", "display": "Slip Dress" },
        { "value": "Halter Dress", "display": "Halter Dress" },
        { "value": "Strapless Dress", "display": "Strapless Dress" },
        { "value": "Off-Shoulder Dress", "display": "Off-Shoulder Dress" },
        { "value": "One-Shoulder Dress", "display": "One-Shoulder Dress" },
        { "value": "Backless Dress", "display": "Backless Dress" },
        { "value": "Cut-Out Dress", "display": "Cut-Out Dress" },
        { "value": "Romper", "display": "Romper" },
        { "value": "Playsuit", "display": "Playsuit" },
        { "value": "Jumpsuit", "display": "Jumpsuit" },
        { "value": "Overalls", "display": "Overalls" },
        { "value": "Dungarees", "display": "Dungarees" },
        { "value": "One-Piece Swimsuit", "display": "One-Piece Swimsuit" },
        { "value": "Bikini", "display": "Bikini" },
        { "value": "Monokini", "display": "Monokini" },
        { "value": "Teddy", "display": "Teddy" },
        { "value": "Bodysuit", "display": "Bodysuit" },
        { "value": "Catsuit", "display": "Catsuit" },
        { "value": "Leotard", "display": "Leotard" }
      ],
      "allow_custom": true,
      "default": "None"
    },
    {
      "id": "footwear",
      "label": "Footwear",
      "options": [
        { "value": "Sneakers", "display": "Sneakers" },
        { "value": "Running Shoes", "display": "Running Shoes" },
        { "value": "Training Shoes", "display": "Training Shoes" },
        { "value": "Basketball Shoes", "display": "Basketball Shoes" },
        { "value": "Skate Shoes", "display": "Skate Shoes" },
        { "value": "High-tops", "display": "High-tops" },
        { "value": "Low-tops", "display": "Low-tops" },
        { "value": "Slip-on Sneakers", "display": "Slip-on Sneakers" },
        { "value": "Canvas Shoes", "display": "Canvas Shoes" },
        { "value": "Boots", "display": "Boots" },
        { "value": "Ankle Boots", "display": "Ankle Boots" },
        { "value": "Chelsea Boots", "display": "Chelsea Boots" },
        { "value": "Combat Boots", "display": "Combat Boots" },
        { "value": "Military Boots", "display": "Military Boots" },
        { "value": "Work Boots", "display": "Work Boots" },
        { "value": "Hiking Boots", "display": "Hiking Boots" },
        { "value": "Cowboy Boots", "display": "Cowboy Boots" },
        { "value": "Riding Boots", "display": "Riding Boots" },
        { "value": "Knee-High Boots", "display": "Knee-High Boots" },
        { "value": "Thigh-High Boots", "display": "Thigh-High Boots" },
        { "value": "Over-the-Knee Boots", "display": "Over-the-Knee Boots" },
        { "value": "Platform Boots", "display": "Platform Boots" },
        { "value": "Dress Shoes", "display": "Dress Shoes" },
        { "value": "Oxfords", "display": "Oxfords" },
        { "value": "Brogues", "display": "Brogues" },
        { "value": "Derbies", "display": "Derbies" },
        { "value": "Loafers", "display": "Loafers" },
        { "value": "Moccasins", "display": "Moccasins" },
        { "value": "Boat Shoes", "display": "Boat Shoes" },
        { "value": "Monk Straps", "display": "Monk Straps" },
        { "value": "Heels", "display": "Heels" },
        { "value": "Stilettos", "display": "Stilettos" },
        { "value": "Pumps", "display": "Pumps" },
        { "value": "Kitten Heels", "display": "Kitten Heels" },
        { "value": "Block Heels", "display": "Block Heels" },
        { "value": "Wedges", "display": "Wedges" },
        { "value": "Wedge Sandals", "display": "Wedge Sandals" },
        { "value": "Platform Heels", "display": "Platform Heels" },
        { "value": "Strappy Heels", "display": "Strappy Heels" },
        { "value": "Slingback Heels", "display": "Slingback Heels" },
        { "value": "Peep-Toe Heels", "display": "Peep-Toe Heels" },
        { "value": "Mary Janes", "display": "Mary Janes" },
        { "value": "Flats", "display": "Flats" },
        { "value": "Ballet Flats", "display": "Ballet Flats" },
        { "value": "Pointed Flats", "display": "Pointed Flats" },
        { "value": "D'Orsay Flats", "display": "D'Orsay Flats" },
        { "value": "Espadrilles", "display": "Espadrilles" },
        { "value": "Sandals", "display": "Sandals" },
        { "value": "Gladiator Sandals", "display": "Gladiator Sandals" },
        { "value": "Strappy Sandals", "display": "Strappy Sandals" },
        { "value": "Slide Sandals", "display": "Slide Sandals" },
        { "value": "Flip-flops", "display": "Flip-flops" },
        { "value": "Thong Sandals", "display": "Thong Sandals" },
        { "value": "Crocs", "display": "Crocs" },
        { "value": "Clogs", "display": "Clogs" },
        { "value": "Slippers", "display": "Slippers" },
        { "value": "House Shoes", "display": "House Shoes" },
        { "value": "Mules", "display": "Mules" },
        { "value": "Socks", "display": "Socks (no shoes)" },
        { "value": "Barefoot", "display": "Barefoot" }
      ],
      "allow_custom": true,
      "default": "Sneakers"
    },
    {
      "id": "overall_style",
      "label": "Overall Style",
      "options": [
        { "value": "None", "display": "None" },
        { "value": "Casual", "display": "Casual" },
        { "value": "Modern Casual", "display": "Modern Casual" },
        { "value": "Business Casual", "display": "Business Casual" },
        { "value": "Business Formal", "display": "Business Formal" },
        { "value": "Professional", "display": "Professional" },
        { "value": "Streetwear", "display": "Streetwear" },
        { "value": "Urban", "display": "Urban" },
        { "value": "Athleisure", "display": "Athleisure" },
        { "value": "Sporty", "display": "Sporty" },
        { "value": "Athletic", "display": "Athletic" },
        { "value": "Elegant", "display": "Elegant" },
        { "value": "Sophisticated", "display": "Sophisticated" },
        { "value": "Chic", "display": "Chic" },
        { "value": "Classy", "display": "Classy" },
        { "value": "Glamorous", "display": "Glamorous" },
        { "value": "Sexy", "display": "Sexy" },
        { "value": "Edgy", "display": "Edgy" },
        { "value": "Trendy", "display": "Trendy" },
        { "value": "Bohemian", "display": "Bohemian" },
        { "value": "Boho Chic", "display": "Boho Chic" },
        { "value": "Hippie", "display": "Hippie" },
        { "value": "Vintage", "display": "Vintage" },
        { "value": "Retro", "display": "Retro" },
        { "value": "1950s", "display": "1950s" },
        { "value": "1960s", "display": "1960s" },
        { "value": "1970s", "display": "1970s" },
        { "value": "1980s", "display": "1980s" },
        { "value": "1990s", "display": "1990s" },
        { "value": "Y2K", "display": "Y2K" },
        { "value": "Gothic", "display": "Gothic" },
        { "value": "Goth", "display": "Goth" },
        { "value": "Emo", "display": "Emo" },
        { "value": "Punk", "display": "Punk" },
        { "value": "Grunge", "display": "Grunge" },
        { "value": "Rock", "display": "Rock" },
        { "value": "Metal", "display": "Metal" },
        { "value": "Preppy", "display": "Preppy" },
        { "value": "Ivy League", "display": "Ivy League" },
        { "value": "Minimalist", "display": "Minimalist" },
        { "value": "Maximalist", "display": "Maximalist" },
        { "value": "Avant-Garde", "display": "Avant-Garde" },
        { "value": "High Fashion", "display": "High Fashion" },
        { "value": "Runway", "display": "Runway" },
        { "value": "Designer", "display": "Designer" },
        { "value": "Luxury", "display": "Luxury" },
        { "value": "Kawaii", "display": "Kawaii" },
        { "value": "Harajuku", "display": "Harajuku" },
        { "value": "E-Girl", "display": "E-Girl" },
        { "value": "E-Boy", "display": "E-Boy" },
        { "value": "Soft Girl", "display": "Soft Girl" },
        { "value": "Dark Academia", "display": "Dark Academia" },
        { "value": "Light Academia", "display": "Light Academia" },
        { "value": "Cottagecore", "display": "Cottagecore" },
        { "value": "Fairycore", "display": "Fairycore" },
        { "value": "Goblincore", "display": "Goblincore" },
        { "value": "Cyberpunk", "display": "Cyberpunk" },
        { "value": "Techwear", "display": "Techwear" },
        { "value": "Steampunk", "display": "Steampunk" },
        { "value": "Fantasy", "display": "Fantasy" },
        { "value": "Sci-Fi", "display": "Sci-Fi" },
        { "value": "Cosplay", "display": "Cosplay" },
        { "value": "Anime", "display": "Anime" }
      ],
      "allow_custom": true,
      "default": "None"
    },
    {
      "id": "accessories",
      "label": "Accessories",
      "is_text_field": true,
      "default": "None"
    }
  ]
}