{
  "categories": [
    {
      "id": "age_range",
      "label": "Age Range",
      "options": [
        { "value": "Infant (0-1)", "display": "Infant (0-1)" },
        { "value": "Toddler (1-4)", "display": "Toddler (1-4)" },
        { "value": "Child (5-12)", "display": "Child (5-12)" },
        { "value": "Preteen (10-12)", "display": "Preteen (10-12)" },
        { "value": "Teen (13-19)", "display": "Teen (13-19)" },
        { "value": "Young Adult (20-30)", "display": "Young Adult (20-30)" },
        { "value": "Adult (31-45)", "display": "Adult (31-45)" },
        { "value": "Middle-aged (46-60)", "display": "Middle-aged (46-60)" },
        { "value": "Senior (60-75)", "display": "Senior (60-75)" },
        { "value": "Elderly (75+)", "display": "Elderly (75+)" },
        { "value": "Centenarian (100+)", "display": "Centenarian (100+)" }
      ],
      "allow_custom": false,
      "default": "Young Adult (20-30)"
    },
    {
      "id": "gender",
      "label": "Gender",
      "options": [
        { "value": "Female", "display": "Female" },
        { "value": "Male", "display": "Male" },
        { "value": "Non-binary", "display": "Non-binary" },
        { "value": "Androgynous", "display": "Androgynous" },
        { "value": "Genderfluid", "display": "Genderfluid" },
        { "value": "Agender", "display": "Agender" },
        { "value": "Transgender Male", "display": "Transgender Male" },
        { "value": "Transgender Female", "display": "Transgender Female" },
        { "value": "Bigender", "display": "Bigender" },
        { "value": "Intersex", "display": "Intersex" },
        { "value": "Two-Spirit", "display": "Two-Spirit" },
        { "value": "Demigender", "display": "Demigender" }
      ],
      "allow_custom": true,
      "default": "Female"
    },
    {
      "id": "ethnicity",
      "label": "Ethnicity",
      "options": [
        { "value": "Caucasian", "display": "Caucasian" },
        { "value": "African", "display": "African" },
        { "value": "African American", "display": "African American" },
        { "value": "Asian (East)", "display": "Asian (East)" },
        { "value": "Asian (South)", "display": "Asian (South)" },
        { "value": "Asian (Southeast)", "display": "Asian (Southeast)" },
        { "value": "Hispanic/Latino", "display": "Hispanic/Latino" },
        { "value": "Middle Eastern", "display": "Middle Eastern" },
        { "value": "Native American", "display": "Native American" },
        { "value": "Pacific Islander", "display": "Pacific Islander" },
        { "value": "Indigenous Australian", "display": "Indigenous Australian" },
        { "value": "Caribbean", "display": "Caribbean" },
        { "value": "Mediterranean", "display": "Mediterranean" },
        { "value": "Nordic/Scandinavian", "display": "Nordic/Scandinavian" },
        { "value": "Slavic", "display": "Slavic" },
        { "value": "Mixed/Multiracial", "display": "Mixed/Multiracial" },
        { "value": "East European", "display": "East European" },
        { "value": "West African", "display": "West African" },
        { "value": "Central Asian", "display": "Central Asian" },
        { "value": "South American Indigenous", "display": "South American Indigenous" },
        { "value": "Polynesian", "display": "Polynesian" },
        { "value": "Melanesian", "display": "Melanesian" },
        { "value": "Micronesian", "display": "Micronesian" },
        { "value": "Arab", "display": "Arab" }
      ],
      "allow_custom": true,
      "default": "Caucasian"
    },
    {
      "id": "skin_tone",
      "label": "Skin Tone",
      "options": [
        { "value": "Porcelain skin", "display": "Porcelain skin" },
        { "value": "Very Fair skin", "display": "Very Fair skin" },
        { "value": "Fair skin", "display": "Fair skin" },
        { "value": "Light skin", "display": "Light skin" },
        { "value": "Light Medium skin", "display": "Light Medium skin" },
        { "value": "Medium skin", "display": "Medium skin" },
        { "value": "Tan skin", "display": "Tan skin" },
        { "value": "Golden skin", "display": "Golden skin" },
        { "value": "Olive skin", "display": "Olive skin" },
        { "value": "Beige skin", "display": "Beige skin" },
        { "value": "Honey skin", "display": "Honey skin" },
        { "value": "Caramel skin", "display": "Caramel skin" },
        { "value": "Bronze skin", "display": "Bronze skin" },
        { "value": "Brown skin", "display": "Brown skin" },
        { "value": "Dark Brown skin", "display": "Dark Brown skin" },
        { "value": "Deep Brown skin", "display": "Deep Brown skin" },
        { "value": "Mahogany skin", "display": "Mahogany skin" },
        { "value": "Chocolate skin", "display": "Chocolate skin" },
        { "value": "Espresso skin", "display": "Espresso skin" },
        { "value": "Ebony skin", "display": "Ebony skin" },
        { "value": "Alabaster skin", "display": "Alabaster skin" },
        { "value": "Ivory skin", "display": "Ivory skin" },
        { "value": "Warm Beige skin", "display": "Warm Beige skin" },
        { "value": "Cool Beige skin", "display": "Cool Beige skin" },
        { "value": "Sienna skin", "display": "Sienna skin" },
        { "value": "Umber skin", "display": "Umber skin" }
      ],
      "allow_custom": false,
      "default": "Fair skin"
    },
    {
      "id": "hair_color",
      "label": "Hair Color",
      "group": "Hair",
      "options": [
        { "value": "Jet Black hair", "display": "Jet Black hair" },
        { "value": "Black hair", "display": "Black hair" },
        { "value": "Dark Brown hair", "display": "Dark Brown hair" },
        { "value": "Brown hair", "display": "Brown hair" },
        { "value": "Chestnut hair", "display": "Chestnut hair" },
        { "value": "Light Brown hair", "display": "Light Brown hair" },
        { "value": "Caramel hair", "display": "Caramel hair" },
        { "value": "Auburn hair", "display": "Auburn hair" },
        { "value": "Copper hair", "display": "Copper hair" },
        { "value": "Red hair", "display": "Red hair" },
        { "value": "Ginger hair", "display": "Ginger hair" },
        { "value": "Strawberry Blonde hair", "display": "Strawberry Blonde hair" },
        { "value": "Blonde hair", "display": "Blonde hair" },
        { "value": "Honey Blonde hair", "display": "Honey Blonde hair" },
        { "value": "Golden Blonde hair", "display": "Golden Blonde hair" },
        { "value": "Platinum Blonde hair", "display": "Platinum Blonde hair" },
        { "value": "Ash Blonde hair", "display": "Ash Blonde hair" },
        { "value": "White hair", "display": "White hair" },
        { "value": "Gray hair", "display": "Gray hair" },
        { "value": "Salt and Pepper hair", "display": "Salt and Pepper hair" },
        { "value": "Silver hair", "display": "Silver hair" },
        { "value": "Blue hair", "display": "Blue hair" },
        { "value": "Navy Blue hair", "display": "Navy Blue hair" },
        { "value": "Electric Blue hair", "display": "Electric Blue hair" },
        { "value": "Teal hair", "display": "Teal hair" },
        { "value": "Turquoise hair", "display": "Turquoise hair" },
        { "value": "Purple hair", "display": "Purple hair" },
        { "value": "Lavender hair", "display": "Lavender hair" },
        { "value": "Violet hair", "display": "Violet hair" },
        { "value": "Pink hair", "display": "Pink hair" },
        { "value": "Hot Pink hair", "display": "Hot Pink hair" },
        { "value": "Pastel Pink hair", "display": "Pastel Pink hair" },
        { "value": "Rose Gold hair", "display": "Rose Gold hair" },
        { "value": "Green hair", "display": "Green hair" },
        { "value": "Mint Green hair", "display": "Mint Green hair" },
        { "value": "Emerald hair", "display": "Emerald hair" },
        { "value": "Orange hair", "display": "Orange hair" },
        { "value": "Peach hair", "display": "Peach hair" },
        { "value": "Yellow hair", "display": "Yellow hair" },
        { "value": "Rainbow hair", "display": "Rainbow hair" },
        { "value": "Ombre hair", "display": "Ombre hair" },
        { "value": "Balayage hair", "display": "Balayage hair" },
        { "value": "Highlights hair", "display": "Highlights hair" },
        { "value": "Lowlights hair", "display": "Lowlights hair" },
        { "value": "Two-tone hair", "display": "Two-tone hair" },
        { "value": "Mahogany hair", "display": "Mahogany hair" },
        { "value": "Burgundy hair", "display": "Burgundy hair" },
        { "value": "Chocolate Brown hair", "display": "Chocolate Brown hair" },
        { "value": "Sandy Blonde hair", "display": "Sandy Blonde hair" },
        { "value": "Raven Black hair", "display": "Raven Black hair" },
        { "value": "Indigo hair", "display": "Indigo hair" },
        { "value": "Magenta hair", "display": "Magenta hair" },
        { "value": "Silver Gray hair", "display": "Silver Gray hair" },
        { "value": "Pastel Blue hair", "display": "Pastel Blue hair" },
        { "value": "Neon Green hair", "display": "Neon Green hair" }
      ],
      "allow_custom": true,
      "default": "Black hair"
    },
    {
      "id": "hair_length",
      "label": "Hair Length",
      "group": "Hair",
      "options": [
        { "value": "bald, shaved head hair", "display": "Bald hair" },
        { "value": "buzz cut, very short uniform length hair", "display": "Buzz Cut hair" },
        { "value": "very short hair, close-cropped, textured ends", "display": "Very Short (Pixie) hair" },
        { "value": "short hair, above ears or chin, layered", "display": "Short (Ear Length) hair" },
        { "value": "chin-length hair, bob or layered cut", "display": "Chin Length hair" },
        { "value": "neck-length hair, touching collar", "display": "Neck Length hair" },
        { "value": "medium hair, collarbone length, natural fall", "display": "Medium (Collarbone) hair" },
        { "value": "shoulder-length hair, straight or wavy", "display": "Shoulder Length hair" },
        { "value": "mid-back length hair, flowing past shoulders", "display": "Mid-Back Length hair" },
        { "value": "long hair, lower back length, full and flowing", "display": "Long (Lower Back) hair" },
        { "value": "very long hair, reaching waist, thick and straight", "display": "Very Long (Waist) hair" },
        { "value": "waist-length hair, falling below waistline, brushing top of hips", "display": "Waist Length hair" },
        { "value": "hip-length hair, cascading past hips, ends sweeping upper thighs", "display": "Hip Length hair" },
        { "value": "thigh-length hair, reaching mid-thigh, extremely long", "display": "Thigh Length hair" },
        { "value": "knee-length hair, flowing to knees, floor-sweeping volume", "display": "Knee Length hair" },
        { "value": "ankle-length hair, trailing to ankles, ultra long", "display": "Ankle Length hair" },
        { "value": "floor-length hair, dragging on floor, extreme length", "display": "Floor Length hair" },
        { "value": "cropped hair, above ears, short sides", "display": "Cropped hair" },
        { "value": "lob cut, long bob, between chin and shoulders hair", "display": "Lob (Long Bob) hair" },
        { "value": "tailbone-length hair, reaching tailbone", "display": "Tailbone Length hair" }
      ],
      "allow_custom": false,
      "default": "medium hair, collarbone length, natural fall"
    },
    {
      "id": "hair_style",
      "label": "Hair Style",
      "group": "Hair",
      "options": [
        { "value": "Straight hair", "display": "Straight hair" },
        { "value": "Wavy hair", "display": "Wavy hair" },
        { "value": "Loose Waves hair", "display": "Loose Waves hair" },
        { "value": "Beach Waves hair", "display": "Beach Waves hair" },
        { "value": "Curly hair", "display": "Curly hair" },
        { "value": "Loose Curls hair", "display": "Loose Curls hair" },
        { "value": "Tight Curls hair", "display": "Tight Curls hair" },
        { "value": "Spiral Curls hair", "display": "Spiral Curls hair" },
        { "value": "Ringlets hair", "display": "Ringlets hair" },
        { "value": "Coily hair", "display": "Coily hair" },
        { "value": "Kinky hair", "display": "Kinky hair" },
        { "value": "Afro hair", "display": "Afro hair" },
        { "value": "Dreadlocks hair", "display": "Dreadlocks hair" },
        { "value": "Box Braids hair", "display": "Box Braids hair" },
        { "value": "Braids hair", "display": "Braids hair" },
        { "value": "French Braid hair", "display": "French Braid hair" },
        { "value": "Dutch Braid hair", "display": "Dutch Braid hair" },
        { "value": "Fishtail Braid hair", "display": "Fishtail Braid hair" },
        { "value": "Cornrows hair", "display": "Cornrows hair" },
        { "value": "High Ponytail hair", "display": "High Ponytail hair" },
        { "value": "Low Ponytail hair", "display": "Low Ponytail hair" },
        { "value": "Side Ponytail hair", "display": "Side Ponytail hair" },
        { "value": "Pigtails hair", "display": "Pigtails hair" },
        { "value": "Twin Tails hair", "display": "Twin Tails hair" },
        { "value": "High Bun hair", "display": "High Bun hair" },
        { "value": "Low Bun hair", "display": "Low Bun hair" },
        { "value": "Messy Bun hair", "display": "Messy Bun hair" },
        { "value": "Top Knot hair", "display": "Top Knot hair" },
        { "value": "Space Buns hair", "display": "Space Buns hair" },
        { "value": "Chignon hair", "display": "Chignon hair" },
        { "value": "Bob Cut hair", "display": "Bob Cut hair" },
        { "value": "A-Line Bob hair", "display": "A-Line Bob hair" },
        { "value": "Inverted Bob hair", "display": "Inverted Bob hair" },
        { "value": "Pixie Cut hair", "display": "Pixie Cut hair" },
        { "value": "Undercut hair", "display": "Undercut hair" },
        { "value": "Side Shave hair", "display": "Side Shave hair" },
        { "value": "Mohawk hair", "display": "Mohawk hair" },
        { "value": "Faux Hawk hair", "display": "Faux Hawk hair" },
        { "value": "Spiky hair", "display": "Spiky hair" },
        { "value": "Slicked Back hair", "display": "Slicked Back hair" },
        { "value": "Pompadour hair", "display": "Pompadour hair" },
        { "value": "Quiff hair", "display": "Quiff hair" },
        { "value": "Side Swept hair", "display": "Side Swept hair" },
        { "value": "Messy hair", "display": "Messy hair" },
        { "value": "Tousled hair", "display": "Tousled hair" },
        { "value": "Sleek hair", "display": "Sleek hair" },
        { "value": "Windswept hair", "display": "Windswept hair" },
        { "value": "Layered hair", "display": "Layered hair" },
        { "value": "Feathered hair", "display": "Feathered hair" },
        { "value": "Shag hair", "display": "Shag hair" },
        { "value": "Blunt Cut hair", "display": "Blunt Cut hair" },
        { "value": "Bangs hair", "display": "Bangs hair" },
        { "value": "Full Bangs hair", "display": "Full Bangs hair" },
        { "value": "Side Bangs hair", "display": "Side Bangs hair" },
        { "value": "Curtain Bangs hair", "display": "Curtain Bangs hair" },
        { "value": "Wispy Bangs hair", "display": "Wispy Bangs hair" },
        { "value": "Side Part hair", "display": "Side Part hair" },
        { "value": "Center Part hair", "display": "Center Part hair" },
        { "value": "Deep Side Part hair", "display": "Deep Side Part hair" },
        { "value": "Half Up Half Down hair", "display": "Half Up Half Down hair" },
        { "value": "Updo hair", "display": "Updo hair" },
        { "value": "Beehive hair", "display": "Beehive hair" },
        { "value": "French Twist hair", "display": "French Twist hair" },
        { "value": "Crown Braid hair", "display": "Crown Braid hair" },
        { "value": "Waterfall Braid hair", "display": "Waterfall Braid hair" },
        { "value": "Lob hair", "display": "Lob hair" },
        { "value": "Asymmetrical Cut hair", "display": "Asymmetrical Cut hair" },
        { "value": "Textured Crop hair", "display": "Textured Crop hair" },
        { "value": "Fade hair", "display": "Fade hair" },
        { "value": "Crew Cut hair", "display": "Crew Cut hair" },
        { "value": "Bowl Cut hair", "display": "Bowl Cut hair" },
        { "value": "Mullets hair", "display": "Mullets hair" },
        { "value": "Perm hair", "display": "Perm hair" }
      ],
      "allow_custom": true,
      "default": "Straight hair"
    },
    {
      "id": "eye_color",
      "label": "Eye Color",
      "group": "Eyes",
      "options": [
        { "value": "Dark Brown eyes", "display": "Dark Brown eyes" },
        { "value": "Brown eyes", "display": "Brown eyes" },
        { "value": "Light Brown eyes", "display": "Light Brown eyes" },
        { "value": "Hazel eyes", "display": "Hazel eyes" },
        { "value": "Green eyes", "display": "Green eyes" },
        { "value": "Light Green eyes", "display": "Light Green eyes" },
        { "value": "Blue eyes", "display": "Blue eyes" },
        { "value": "Light Blue eyes", "display": "Light Blue eyes" },
        { "value": "Dark Blue eyes", "display": "Dark Blue eyes" },
        { "value": "Gray eyes", "display": "Gray eyes" },
        { "value": "Gray-Blue eyes", "display": "Gray-Blue eyes" },
        { "value": "Amber eyes", "display": "Amber eyes" },
        { "value": "Golden eyes", "display": "Golden eyes" },
        { "value": "Honey eyes", "display": "Honey eyes" },
        { "value": "Copper eyes", "display": "Copper eyes" },
        { "value": "Violet eyes", "display": "Violet eyes" },
        { "value": "Red eyes", "display": "Red eyes" },
        { "value": "Pink eyes", "display": "Pink eyes" },
        { "value": "Yellow eyes", "display": "Yellow eyes" },
        { "value": "Heterochromia (Blue/Brown) eyes", "display": "Heterochromia (Blue/Brown) eyes" },
        { "value": "Heterochromia (Green/Brown) eyes", "display": "Heterochromia (Green/Brown) eyes" },
        { "value": "Heterochromia eyes", "display": "Heterochromia (specify) eyes" },
        { "value": "Ice Blue eyes", "display": "Ice Blue eyes" },
        { "value": "Emerald Green eyes", "display": "Emerald Green eyes" },
        { "value": "Chocolate Brown eyes", "display": "Chocolate Brown eyes" },
        { "value": "Steel Gray eyes", "display": "Steel Gray eyes" },
        { "value": "Lavender eyes", "display": "Lavender eyes" },
        { "value": "Turquoise eyes", "display": "Turquoise eyes" },
        { "value": "Black eyes", "display": "Black eyes" }
      ],
      "allow_custom": true,
      "default": "Brown eyes"
    },
    {
      "id": "eye_shape",
      "label": "Eye Shape",
      "group": "Eyes",
      "options": [
        { "value": "Almond eyes", "display": "Almond eyes" },
        { "value": "Round eyes", "display": "Round eyes" },
        { "value": "Wide Round eyes", "display": "Wide Round eyes" },
        { "value": "Hooded eyes", "display": "Hooded eyes" },
        { "value": "Monolid eyes", "display": "Monolid eyes" },
        { "value": "Double Eyelid", "display": "Double Eyelid" },
        { "value": "Upturned eyes", "display": "Upturned eyes" },
        { "value": "Downturned eyes", "display": "Downturned eyes" },
        { "value": "Deep Set eyes", "display": "Deep Set eyes" },
        { "value": "Protruding eyes", "display": "Protruding eyes" },
        { "value": "Wide Set eyes", "display": "Wide Set eyes" },
        { "value": "Close Set eyes", "display": "Close Set eyes" },
        { "value": "Cat Eye", "display": "Cat Eye" },
        { "value": "Bedroom Eyes", "display": "Bedroom Eyes" },
        { "value": "Fox Eye", "display": "Fox Eye" },
        { "value": "Doe Eye", "display": "Doe Eye" },
        { "value": "Siren Eye", "display": "Siren Eye" },
        { "value": "Slanted eyes", "display": "Slanted eyes" },
        { "value": "Asymmetrical eyes", "display": "Asymmetrical eyes" },
        { "value": "Prominent eyes", "display": "Prominent eyes" }
      ],
      "allow_custom": true,
      "default": "Almond eyes"
    },
    {
      "id": "face_shape",
      "label": "Face Shape",
      "group": "Facial Structure",
      "options": [
        { "value": "None", "display": "None" },
        { "value": "Oval face", "display": "Oval face" },
        { "value": "Round face", "display": "Round face" },
        { "value": "Square face", "display": "Square face" },
        { "value": "Rectangle face", "display": "Rectangle face" },
        { "value": "Heart face", "display": "Heart face" },
        { "value": "Diamond face", "display": "Diamond face" },
        { "value": "Triangle face", "display": "Triangle face" },
        { "value": "Oblong face", "display": "Oblong face" },
        { "value": "Pear face", "display": "Pear face" },
        { "value": "Inverted Triangle face", "display": "Inverted Triangle face" },
        { "value": "Long face", "display": "Long face" },
        { "value": "Angular face", "display": "Angular face" }
      ],
      "allow_custom": false,
      "default": "None"
    },
    {
      "id": "cheekbones",
      "label": "Cheekbones",
      "group": "Facial Structure",
      "options": [
        { "value": "None", "display": "None" },
        { "value": "High, prominent cheekbones", "display": "High, prominent cheekbones" },
        { "value": "High, defined cheekbones", "display": "High, defined cheekbones" },
        { "value": "High, sculpted cheekbones", "display": "High, sculpted cheekbones" },
        { "value": "Soft, subtle cheekbones", "display": "Soft, subtle cheekbones" },
        { "value": "Full, rounded cheekbones", "display": "Full, rounded cheekbones" },
        { "value": "Angular, sharp cheekbones", "display": "Angular, sharp cheekbones" },
        { "value": "Wide, broad cheekbones", "display": "Wide, broad cheekbones" },
        { "value": "Narrow cheekbones", "display": "Narrow cheekbones" },
        { "value": "Chiseled cheekbones", "display": "Chiseled cheekbones" },
        { "value": "Low cheekbones", "display": "Low cheekbones" },
        { "value": "Flat cheekbones", "display": "Flat cheekbones" },
        { "value": "Contoured cheekbones", "display": "Contoured cheekbones" }
      ],
      "allow_custom": true,
      "default": "None"
    },
    {
      "id": "jawline",
      "label": "Jawline",
      "group": "Facial Structure",
      "options": [
        { "value": "None", "display": "None" },
        { "value": "Strong, defined jawline", "display": "Strong, defined jawline" },
        { "value": "Sharp, angular jawline", "display": "Sharp, angular jawline" },
        { "value": "Square, broad jawline", "display": "Square, broad jawline" },
        { "value": "Soft, rounded jawline", "display": "Soft, rounded jawline" },
        { "value": "Delicate, narrow jawline", "display": "Delicate, narrow jawline" },
        { "value": "Chiseled jawline", "display": "Chiseled jawline" },
        { "value": "Smooth, gentle curve jawline", "display": "Smooth, gentle curve jawline" },
        { "value": "V-shaped jawline", "display": "V-shaped jawline" },
        { "value": "Weak jawline", "display": "Weak jawline" },
        { "value": "Prominent jawline", "display": "Prominent jawline" },
        { "value": "Receding jawline", "display": "Receding jawline" }
      ],
      "allow_custom": true,
      "default": "None"
    },
    {
      "id": "chin",
      "label": "Chin",
      "group": "Facial Structure",
      "options": [
        { "value": "None", "display": "None" },
        { "value": "Pointed chin", "display": "Pointed chin" },
        { "value": "Rounded chin", "display": "Rounded chin" },
        { "value": "Square chin", "display": "Square chin" },
        { "value": "Cleft chin", "display": "Cleft (dimpled) chin" },
        { "value": "Prominent chin", "display": "Prominent chin" },
        { "value": "Recessed chin", "display": "Recessed chin" },
        { "value": "Soft chin", "display": "Soft chin" },
        { "value": "Double chin", "display": "Double chin" },
        { "value": "Strong chin", "display": "Strong chin" },
        { "value": "Weak chin", "display": "Weak chin" },
        { "value": "Protruding chin", "display": "Protruding chin" }
      ],
      "allow_custom": false,
      "default": "None"
    },
    {
      "id": "forehead",
      "label": "Forehead",
      "group": "Facial Structure",
      "options": [
        { "value": "None", "display": "None" },
        { "value": "Broad, high forehead", "display": "Broad, high forehead" },
        { "value": "Narrow, low forehead", "display": "Narrow, low forehead" },
        { "value": "Average forehead", "display": "Average forehead" },
        { "value": "Prominent forehead", "display": "Prominent forehead" },
        { "value": "Sloped forehead", "display": "Sloped forehead" },
        { "value": "Smooth, even forehead", "display": "Smooth, even forehead" },
        { "value": "Wrinkled forehead", "display": "Wrinkled forehead" },
        { "value": "High, arched forehead", "display": "High, arched forehead" },
        { "value": "Low, straight forehead", "display": "Low, straight forehead" }
      ],
      "allow_custom": false,
      "default": "None"
    },
    {
      "id": "nose",
      "label": "Nose",
      "group": "Facial Features",
      "options": [
        { "value": "None", "display": "None" },
        { "value": "Button nose", "display": "Button nose" },
        { "value": "Straight nose", "display": "Straight nose" },
        { "value": "Aquiline (Roman) nose", "display": "Aquiline (Roman) nose" },
        { "value": "Upturned nose", "display": "Upturned nose" },
        { "value": "Downturned nose", "display": "Downturned nose" },
        { "value": "Wide, broad nose", "display": "Wide, broad nose" },
        { "value": "Narrow, refined nose", "display": "Narrow, refined nose" },
        { "value": "Pointed nose", "display": "Pointed nose" },
        { "value": "Bulbous nose", "display": "Bulbous nose" },
        { "value": "Flat bridge nose", "display": "Flat bridge nose" },
        { "value": "High bridge nose", "display": "High bridge nose" },
        { "value": "Crooked nose", "display": "Crooked nose" },
        { "value": "Snub nose", "display": "Snub nose" },
        { "value": "Greek nose", "display": "Greek nose" },
        { "value": "Hooked nose", "display": "Hooked nose" },
        { "value": "Celestial nose", "display": "Celestial nose" },
        { "value": "Nubian nose", "display": "Nubian nose" },
        { "value": "Concave nose", "display": "Concave nose" },
        { "value": "Convex nose", "display": "Convex nose" }
      ],
      "allow_custom": true,
      "default": "None"
    },
    {
      "id": "lips",
      "label": "Lips",
      "group": "Facial Features",
      "options": [
        { "value": "None", "display": "None" },
        { "value": "Thin lips", "display": "Thin lips" },
        { "value": "Medium lips", "display": "Medium lips" },
        { "value": "Full lips", "display": "Full lips" },
        { "value": "Plump lips", "display": "Plump lips" },
        { "value": "Pouty lips", "display": "Pouty lips" },
        { "value": "Bow-shaped (Cupid's bow) lips", "display": "Bow-shaped (Cupid's bow) lips" },
        { "value": "Wide lips", "display": "Wide lips" },
        { "value": "Small lips", "display": "Small lips" },
        { "value": "Asymmetrical lips", "display": "Asymmetrical lips" },
        { "value": "Defined cupid's bow lips", "display": "Defined cupid's bow lips" },
        { "value": "Soft, natural lips", "display": "Soft, natural lips" },
        { "value": "Heart-shaped lips", "display": "Heart-shaped lips" },
        { "value": "Round lips", "display": "Round lips" },
        { "value": "Heavy lower lip lips", "display": "Heavy lower lip lips" },
        { "value": "Heavy upper lip lips", "display": "Heavy upper lip lips" },
        { "value": "Thin upper lip lips", "display": "Thin upper lip lips" }
      ],
      "allow_custom": true,
      "default": "None"
    },
    {
      "id": "eyebrows",
      "label": "Eyebrows",
      "group": "Facial Features",
      "options": [
        { "value": "None", "display": "None" },
        { "value": "Thick, full eyebrows", "display": "Thick, full eyebrows" },
        { "value": "Thin, sparse eyebrows", "display": "Thin, sparse eyebrows" },
        { "value": "Arched eyebrows", "display": "Arched eyebrows" },
        { "value": "Straight eyebrows", "display": "Straight eyebrows" },
        { "value": "Angled eyebrows", "display": "Angled eyebrows" },
        { "value": "Rounded eyebrows", "display": "Rounded eyebrows" },
        { "value": "Bushy, untamed eyebrows", "display": "Bushy, untamed eyebrows" },
        { "value": "Groomed, shaped eyebrows", "display": "Groomed, shaped eyebrows" },
        { "value": "Feathered, natural eyebrows", "display": "Feathered, natural eyebrows" },
        { "value": "Sharp, defined eyebrows", "display": "Sharp, defined eyebrows" },
        { "value": "Soft, gentle eyebrows", "display": "Soft, gentle eyebrows" },
        { "value": "Unibrow eyebrows", "display": "Unibrow eyebrows" },
        { "value": "High arched eyebrows", "display": "High arched eyebrows" },
        { "value": "Low arched eyebrows", "display": "Low arched eyebrows" },
        { "value": "S-shaped eyebrows", "display": "S-shaped eyebrows" },
        { "value": "Tapered eyebrows", "display": "Tapered eyebrows" },
        { "value": "Bold eyebrows", "display": "Bold eyebrows" }
      ],
      "allow_custom": true,
      "default": "None"
    },
    {
      "id": "eyelashes",
      "label": "Eyelashes",
      "group": "Facial Features",
      "options": [
        { "value": "None", "display": "None" },
        { "value": "Long, thick eyelashes", "display": "Long, thick eyelashes" },
        { "value": "Long, curled eyelashes", "display": "Long, curled eyelashes" },
        { "value": "Short, sparse eyelashes", "display": "Short, sparse eyelashes" },
        { "value": "Natural, medium eyelashes", "display": "Natural, medium eyelashes" },
        { "value": "Dramatic, voluminous eyelashes", "display": "Dramatic, voluminous eyelashes" },
        { "value": "Straight eyelashes", "display": "Straight eyelashes" },
        { "value": "Wispy eyelashes", "display": "Wispy eyelashes" },
        { "value": "Thick, straight eyelashes", "display": "Thick, straight eyelashes" },
        { "value": "Sparse, long eyelashes", "display": "Sparse, long eyelashes" }
      ],
      "allow_custom": false,
      "default": "None"
    },
    {
      "id": "ears",
      "label": "Ears",
      "group": "Facial Features",
      "options": [
        { "value": "None", "display": "None" },
        { "value": "Small, delicate ears", "display": "Small, delicate ears" },
        { "value": "Large, prominent ears", "display": "Large, prominent ears" },
        { "value": "Average ears", "display": "Average ears" },
        { "value": "Close-set ears", "display": "Close-set ears" },
        { "value": "Protruding ears", "display": "Protruding ears" },
        { "value": "Pointed tips ears", "display": "Pointed tips ears" },
        { "value": "Attached lobes ears", "display": "Attached lobes ears" },
        { "value": "Detached lobes ears", "display": "Detached lobes ears" },
        { "value": "Elf-like ears", "display": "Elf-like ears" },
        { "value": "Rounded ears", "display": "Rounded ears" },
        { "value": "Lobeless ears", "display": "Lobeless ears" }
      ],
      "allow_custom": false,
      "default": "None"
    },
    {
      "id": "dimples",
      "label": "Dimples",
      "group": "Facial Features",
      "options": [
        { "value": "None", "display": "None" },
        { "value": "Cheek dimples (both)", "display": "Cheek dimples (both)" },
        { "value": "Single cheek dimple (left)", "display": "Single cheek dimple (left)" },
        { "value": "Single cheek dimple (right)", "display": "Single cheek dimple (right)" },
        { "value": "Chin dimple", "display": "Chin dimple" },
        { "value": "Smile lines (nasolabial) dimples", "display": "Smile lines dimples" },
        { "value": "Back dimples", "display": "Back dimples" },
        { "value": "Deep cheek dimples", "display": "Deep cheek dimples" }
      ],
      "allow_custom": false,
      "default": "None"
    },
    {
      "id": "freckles",
      "label": "Freckles/Beauty Marks",
      "group": "Facial Features",
      "options": [
        { "value": "None", "display": "None" },
        { "value": "Light freckles across nose", "display": "Light freckles across nose" },
        { "value": "Heavy freckles across face", "display": "Heavy freckles across face" },
        { "value": "Beauty mark (upper lip)", "display": "Beauty mark (upper lip)" },
        { "value": "Beauty mark (cheek)", "display": "Beauty mark (cheek)" },
        { "value": "Beauty mark (chin)", "display": "Beauty mark (chin)" },
        { "value": "Scattered freckles", "display": "Scattered freckles" },
        { "value": "Sun-kissed freckles", "display": "Sun-kissed freckles" },
        { "value": "Freckles on shoulders", "display": "Freckles on shoulders" },
        { "value": "Beauty mark (forehead)", "display": "Beauty mark (forehead)" },
        { "value": "Cluster of moles", "display": "Cluster of moles" },
        { "value": "Vitiligo patches", "display": "Vitiligo patches" }
      ],
      "allow_custom": true,
      "default": "None"
    },
    {
      "id": "complexion",
      "label": "Complexion",
      "group": "Facial Features",
      "options": [
        { "value": "None", "display": "None" },
        { "value": "Clear, smooth complexion", "display": "Clear, smooth complexion" },
        { "value": "Flawless, porcelain complexion", "display": "Flawless, porcelain complexion" },
        { "value": "Dewy, glowing complexion", "display": "Dewy, glowing complexion" },
        { "value": "Matte, even complexion", "display": "Matte, even complexion" },
        { "value": "Textured, natural pores complexion", "display": "Textured, natural pores complexion" },
        { "value": "Acne scars complexion", "display": "Acne scars complexion" },
        { "value": "Weathered, rugged complexion", "display": "Weathered, rugged complexion" },
        { "value": "Fine lines, mature complexion", "display": "Fine lines, mature complexion" },
        { "value": "Rosy cheeks complexion", "display": "Rosy cheeks complexion" },
        { "value": "Oily complexion", "display": "Oily complexion" },
        { "value": "Dry, flaky complexion", "display": "Dry, flaky complexion" },
        { "value": "Combination complexion", "display": "Combination complexion" },
        { "value": "Blemished complexion", "display": "Blemished complexion" },
        { "value": "Radiant complexion", "display": "Radiant complexion" }
      ],
      "allow_custom": true,
      "default": "None"
    },
    {
      "id": "teeth",
      "label": "Teeth",
      "group": "Facial Features",
      "options": [
        { "value": "Straight, white teeth", "display": "Straight, white teeth" },
        { "value": "Crooked teeth", "display": "Crooked teeth" },
        { "value": "Gapped teeth", "display": "Gapped teeth" },
        { "value": "Braces teeth", "display": "Braces teeth" },
        { "value": "Veneers teeth", "display": "Veneers teeth" },
        { "value": "Yellowed teeth", "display": "Yellowed teeth" },
        { "value": "Overbite teeth", "display": "Overbite teeth" },
        { "value": "Underbite teeth", "display": "Underbite teeth" },
        { "value": "Gold tooth teeth", "display": "Gold tooth teeth" },
        { "value": "Missing tooth teeth", "display": "Missing tooth teeth" }
      ],
      "allow_custom": true,
      "default": "Straight, white teeth"
    },
    {
      "id": "physique",
      "label": "Physique",
      "group": "Physical Build",
      "options": [
        { "value": "Petite physique", "display": "Petite physique" },
        { "value": "Slim physique", "display": "Slim physique" },
        { "value": "Slender physique", "display": "Slender physique" },
        { "value": "Lean physique", "display": "Lean physique" },
        { "value": "Thin physique", "display": "Thin physique" },
        { "value": "Willowy physique", "display": "Willowy physique" },
        { "value": "Average physique", "display": "Average physique" },
        { "value": "Fit physique", "display": "Fit physique" },
        { "value": "Toned physique", "display": "Toned physique" },
        { "value": "Athletic physique", "display": "Athletic physique" },
        { "value": "Muscular physique", "display": "Muscular physique" },
        { "value": "Built physique", "display": "Built physique" },
        { "value": "Ripped physique", "display": "Ripped physique" },
        { "value": "Curvy physique", "display": "Curvy physique" },
        { "value": "Hourglass physique", "display": "Hourglass physique" },
        { "value": "Voluptuous physique", "display": "Voluptuous physique" },
        { "value": "Full Figured physique", "display": "Full Figured physique" },
        { "value": "Plus Size physique", "display": "Plus Size physique" },
        { "value": "Stocky physique", "display": "Stocky physique" },
        { "value": "Heavyset physique", "display": "Heavyset physique" },
        { "value": "Burly physique", "display": "Burly physique" },
        { "value": "Chubby physique", "display": "Chubby physique" },
        { "value": "Pear Shaped physique", "display": "Pear Shaped physique" },
        { "value": "Apple Shaped physique", "display": "Apple Shaped physique" },
        { "value": "Rectangle physique", "display": "Rectangle physique" },
        { "value": "Inverted Triangle physique", "display": "Inverted Triangle physique" },
        { "value": "Ectomorph physique", "display": "Ectomorph physique" },
        { "value": "Mesomorph physique", "display": "Mesomorph physique" },
        { "value": "Endomorph physique", "display": "Endomorph physique" },
        { "value": "Lanky physique", "display": "Lanky physique" },
        { "value": "Buff physique", "display": "Buff physique" }
      ],
      "allow_custom": true,
      "default": "Average physique"
    },
    {
      "id": "height",
      "label": "Height",
      "group": "Physical Build",
      "options": [
        { "value": "Very Short (under 5'0\" / 152cm) height", "display": "Very Short (< 5'0\") height" },
        { "value": "Short (5'0\"-5'3\" / 152-160cm) height", "display": "Short (5'0\"-5'3\") height" },
        { "value": "Below Average (5'4\"-5'5\" / 162-165cm) height", "display": "Below Average (5'4\"-5'5\") height" },
        { "value": "Average (5'6\"-5'7\" / 167-170cm) height", "display": "Average (5'6\"-5'7\") height" },
        { "value": "Above Average (5'8\"-5'9\" / 173-175cm) height", "display": "Above Average (5'8\"-5'9\") height" },
        { "value": "Tall (5'10\"-6'0\" / 178-183cm) height", "display": "Tall (5'10\"-6'0\") height" },
        { "value": "Very Tall (over 6'0\" / 183cm+) height", "display": "Very Tall (> 6'0\") height" },
        { "value": "Dwarf (under 4'10\" / 147cm) height", "display": "Dwarf (< 4'10\") height" },
        { "value": "Giant (over 6'6\" / 198cm) height", "display": "Giant (> 6'6\") height" }
      ],
      "allow_custom": false,
      "default": "Average (5'6\"-5'7\" / 167-170cm) height"
    },
    {
      "id": "breast_size",
      "label": "Breast Size",
      "group": "Physical Build",
      "options": [
        { "value": "very small / tiny breasts / AA-cup", "display": "Very Small (AA)" },
        { "value": "small breasts / petite bust / A-cup", "display": "Small (A)" },
        { "value": "small-medium breasts / modest bust / B-cup", "display": "Small-Medium (B)" },
        { "value": "medium breasts / average bust / C-cup", "display": "Medium (C)" },
        { "value": "medium-large breasts / full bust / D-cup", "display": "Medium-Large (D)" },
        { "value": "large breasts / generous bust / DD-cup / E-cup", "display": "Large (DD/E)" },
        { "value": "very large breasts / big bust / F-cup / G-cup", "display": "Very Large (F/G)" },
        { "value": "huge breasts / massive bust / H-cup+", "display": "Huge (H+)" },
        { "value": "extremely large / exaggerated / hyper bust / J-cup+", "display": "Extremely Large (J+)" },
        { "value": "flat chest / no breasts", "display": "Flat Chest" },
        { "value": "asymmetrical breasts", "display": "Asymmetrical" }
      ],
      "allow_custom": false,
      "default": "medium breasts / average bust / C-cup"
    },
    {
      "id": "nipple_style",
      "label": "Nipple Style",
      "group": "Physical Build",
      "options": [
        { "value": "None", "display": "None" },
        { "value": "Small nipples", "display": "Small nipples" },
        { "value": "Medium nipples", "display": "Medium nipples" },
        { "value": "Large nipples", "display": "Large nipples" },
        { "value": "Inverted nipples", "display": "Inverted nipples" },
        { "value": "Flat nipples", "display": "Flat nipples" },
        { "value": "Puffy nipples", "display": "Puffy nipples" },
        { "value": "Prominent nipples", "display": "Prominent nipples" },
        { "value": "Pierced nipples", "display": "Pierced nipples" },
        { "value": "Pierced (barbell) nipples", "display": "Pierced (barbell) nipples" },
        { "value": "Pierced (ring) nipples", "display": "Pierced (ring) nipples" },
        { "value": "Dark nipples", "display": "Dark nipples" },
        { "value": "Light nipples", "display": "Light nipples" },
        { "value": "Erect nipples", "display": "Erect nipples" },
        { "value": "Wide areola nipples", "display": "Wide areola nipples" }
      ],
      "allow_custom": true,
      "default": "None"
    },
    {
      "id": "facial_hair",
      "label": "Facial Hair",
      "group": "Physical Build",
      "options": [
        { "value": "None", "display": "None" },
        { "value": "Clean Shaven facial hair", "display": "Clean Shaven facial hair" },
        { "value": "Light Stubble facial hair", "display": "Light Stubble facial hair" },
        { "value": "Heavy Stubble facial hair", "display": "Heavy Stubble facial hair" },
        { "value": "5 O'Clock Shadow facial hair", "display": "5 O'Clock Shadow facial hair" },
        { "value": "Short Beard facial hair", "display": "Short Beard facial hair" },
        { "value": "Medium Beard facial hair", "display": "Medium Beard facial hair" },
        { "value": "Full Beard facial hair", "display": "Full Beard facial hair" },
        { "value": "Long Beard facial hair", "display": "Long Beard facial hair" },
        { "value": "Sculpted Beard facial hair", "display": "Sculpted Beard facial hair" },
        { "value": "Goatee facial hair", "display": "Goatee facial hair" },
        { "value": "Circle Beard facial hair", "display": "Circle Beard facial hair" },
        { "value": "Mustache facial hair", "display": "Mustache facial hair" },
        { "value": "Handlebar Mustache facial hair", "display": "Handlebar Mustache facial hair" },
        { "value": "Pencil Mustache facial hair", "display": "Pencil Mustache facial hair" },
        { "value": "Chevron Mustache facial hair", "display": "Chevron Mustache facial hair" },
        { "value": "Van Dyke facial hair", "display": "Van Dyke facial hair" },
        { "value": "Soul Patch facial hair", "display": "Soul Patch facial hair" },
        { "value": "Mutton Chops facial hair", "display": "Mutton Chops facial hair" },
        { "value": "Chin Curtain facial hair", "display": "Chin Curtain facial hair" },
        { "value": "Sideburns facial hair", "display": "Sideburns facial hair" },
        { "value": "Designer Stubble facial hair", "display": "Designer Stubble facial hair" },
        { "value": "Fu Manchu facial hair", "display": "Fu Manchu facial hair" },
        { "value": "Walrus Mustache facial hair", "display": "Walrus Mustache facial hair" },
        { "value": "Horseshoe Mustache facial hair", "display": "Horseshoe Mustache facial hair" },
        { "value": "Imperial Beard facial hair", "display": "Imperial Beard facial hair" },
        { "value": "ZZ Top Beard facial hair", "display": "ZZ Top Beard facial hair" }
      ],
      "allow_custom": true,
      "default": "None"
    },
    {
      "id": "body_hair",
      "label": "Body Hair",
      "group": "Physical Build",
      "options": [
        { "value": "None", "display": "None" },
        { "value": "Smooth body hair", "display": "Smooth body hair" },
        { "value": "Light body hair", "display": "Light body hair" },
        { "value": "Medium body hair", "display": "Medium body hair" },
        { "value": "Heavy body hair", "display": "Heavy body hair" },
        { "value": "Chest hair body hair", "display": "Chest hair body hair" },
        { "value": "Back hair body hair", "display": "Back hair body hair" },
        { "value": "Arm hair body hair", "display": "Arm hair body hair" },
        { "value": "Leg hair body hair", "display": "Leg hair body hair" },
        { "value": "Pubic hair body hair", "display": "Pubic hair body hair" },
        { "value": "Armpit hair body hair", "display": "Armpit hair body hair" },
        { "value": "Peach fuzz body hair", "display": "Peach fuzz body hair" }
      ],
      "allow_custom": true,
      "default": "None"
    },
    {
      "id": "tattoos",
      "label": "Tattoos",
      "group": "Modifications",
      "options": [
        { "value": "None", "display": "None" },
        { "value": "Small tattoos", "display": "Small tattoos" },
        { "value": "Medium tattoos", "display": "Medium tattoos" },
        { "value": "Large tattoos", "display": "Large tattoos" },
        { "value": "Full body tattoos", "display": "Full body tattoos" },
        { "value": "Tribal tattoos", "display": "Tribal tattoos" },
        { "value": "Floral tattoos", "display": "Floral tattoos" },
        { "value": "Geometric tattoos", "display": "Geometric tattoos" },
        { "value": "Quote tattoos", "display": "Quote tattoos" },
        { "value": "Portrait tattoos", "display": "Portrait tattoos" },
        { "value": "Biomechanical tattoos", "display": "Biomechanical tattoos" },
        { "value": "Watercolor tattoos", "display": "Watercolor tattoos" },
        { "value": "Blackwork tattoos", "display": "Blackwork tattoos" },
        { "value": "Japanese Irezumi tattoos", "display": "Japanese Irezumi tattoos" },
        { "value": "Minimalist tattoos", "display": "Minimalist tattoos" }
      ],
      "allow_custom": true,
      "default": "None"
    },
    {
      "id": "piercings",
      "label": "Piercings",
      "group": "Modifications",
      "options": [
        { "value": "None", "display": "None" },
        { "value": "Ear lobes piercings", "display": "Ear lobes piercings" },
        { "value": "Cartilage piercings", "display": "Cartilage piercings" },
        { "value": "Nose piercings", "display": "Nose piercings" },
        { "value": "Lip piercings", "display": "Lip piercings" },
        { "value": "Tongue piercings", "display": "Tongue piercings" },
        { "value": "Eyebrow piercings", "display": "Eyebrow piercings" },
        { "value": "Navel piercings", "display": "Navel piercings" },
        { "value": "Multiple piercings", "display": "Multiple piercings" },
        { "value": "Septum piercings", "display": "Septum piercings" },
        { "value": "Industrial piercings", "display": "Industrial piercings" },
        { "value": "Tragus piercings", "display": "Tragus piercings" },
        { "value": "Labret piercings", "display": "Labret piercings" },
        { "value": "Monroe piercings", "display": "Monroe piercings" },
        { "value": "Dermal piercings", "display": "Dermal piercings" }
      ],
      "allow_custom": true,
      "default": "None"
    },
    {
      "id": "scars",
      "label": "Scars",
      "group": "Modifications",
      "options": [
        { "value": "None", "display": "None" },
        { "value": "Small scars", "display": "Small scars" },
        { "value": "Prominent scars", "display": "Prominent scars" },
        { "value": "Surgical scars", "display": "Surgical scars" },
        { "value": "Burn scars", "display": "Burn scars" },
        { "value": "Battle scars", "display": "Battle scars" },
        { "value": "Facial scars", "display": "Facial scars" },
        { "value": "Body scars", "display": "Body scars" },
        { "value": "Keloid scars", "display": "Keloid scars" },
        { "value": "Stretch marks scars", "display": "Stretch marks scars" },
        { "value": "Self-harm scars", "display": "Self-harm scars" },
        { "value": "Accident scars", "display": "Accident scars" }
      ],
      "allow_custom": true,
      "default": "None"
    },
    {
      "id": "birthmarks",
      "label": "Birthmarks",
      "group": "Modifications",
      "options": [
        { "value": "None", "display": "None" },
        { "value": "Small mole birthmark", "display": "Small mole birthmark" },
        { "value": "Port-wine stain birthmark", "display": "Port-wine birthmark" },
        { "value": "Cafe au lait birthmark", "display": "Cafe au lait birthmark" },
        { "value": "Mongolian spot birthmark", "display": "Mongolian birthmark" },
        { "value": "Strawberry mark birthmark", "display": "Strawberry birthmark" },
        { "value": "Angel's kiss birthmark", "display": "Angel's kiss birthmark" },
        { "value": "Stork bite birthmark", "display": "Stork bite birthmark" },
        { "value": "Hemangioma birthmark", "display": "Hemangioma birthmark" },
        { "value": "Nevus birthmark", "display": "Nevus birthmark" }
      ],
      "allow_custom": true,
      "default": "None"
    },
    {
      "id": "makeup_style",
      "label": "Makeup Style",
      "group": "Appearance",
      "options": [
        { "value": "None", "display": "None" },
        { "value": "Natural no makeup", "display": "Natural makeup" },
        { "value": "Minimal makeup", "display": "Minimal makeup" },
        { "value": "Bold makeup", "display": "Bold makeup" },
        { "value": "Smoky eyes makeup", "display": "Smoky eyes makeup" },
        { "value": "Red lips makeup", "display": "Red lips makeup" },
        { "value": "Contoured makeup", "display": "Contoured makeup" },
        { "value": "Glittery makeup", "display": "Glittery makeup" },
        { "value": "Matte makeup", "display": "Matte makeup" },
        { "value": "Dewy makeup", "display": "Dewy makeup" },
        { "value": "Graphic liner makeup", "display": "Graphic liner makeup" },
        { "value": "No makeup makeup", "display": "No makeup makeup" },
        { "value": "Goth makeup", "display": "Goth makeup" },
        { "value": "E-girl makeup", "display": "E-girl makeup" }
      ],
      "allow_custom": true,
      "default": "None"
    },
    {
      "id": "nail_length",
      "label": "Nail Length",
      "group": "Appearance",
      "options": [
        { "value": "Short nails", "display": "Short nails" },
        { "value": "Medium nails", "display": "Medium nails" },
        { "value": "Long nails", "display": "Long nails" },
        { "value": "Very long nails", "display": "Very long nails" },
        { "value": "Bitten nails", "display": "Bitten nails" },
        { "value": "Stiletto nails", "display": "Stiletto nails" },
        { "value": "Almond nails", "display": "Almond nails" },
        { "value": "Square nails", "display": "Square nails" },
        { "value": "Coffin nails", "display": "Coffin nails" }
      ],
      "allow_custom": false,
      "default": "Short nails"
    },
    {
      "id": "nail_color",
      "label": "Nail Color",
      "group": "Appearance",
      "options": [
        { "value": "Natural nails", "display": "Natural nails" },
        { "value": "Red nails", "display": "Red nails" },
        { "value": "Pink nails", "display": "Pink nails" },
        { "value": "Black nails", "display": "Black nails" },
        { "value": "Nude nails", "display": "Nude nails" },
        { "value": "French nails", "display": "French nails" },
        { "value": "Glitter nails", "display": "Glitter nails" },
        { "value": "Patterned nails", "display": "Patterned nails" },
        { "value": "Blue nails", "display": "Blue nails" },
        { "value": "Green nails", "display": "Green nails" },
        { "value": "Purple nails", "display": "Purple nails" },
        { "value": "Metallic nails", "display": "Metallic nails" },
        { "value": "Ombre nails", "display": "Ombre nails" }
      ],
      "allow_custom": true,
      "default": "Natural nails"
    },
    {
      "id": "distinctive_features",
      "label": "Distinctive Features",
      "group": "Other",
      "is_text_field": true,
      "default": ""
    }
  ]
}