{
  "include_prompt": "video",
  "settings": [
    {
      "id": "breathing_depth",
      "label": "Breathing depth (px)",
      "type": "slider",
      "min": 0.0,
      "max": 3.0,
      "step": 0.1,
      "default": 1.0
    },
    {
      "id": "hair_sway_amplitude",
      "label": "Sway amplitude (px)",
      "type": "slider",
      "min": 0.0,
      "max": 4.0,
      "step": 0.1,
      "default": 1.5
    },
    {
      "id": "hair_sway_direction",
      "label": "Direction",
      "type": "dropdown",
      "options": [
        { "value": "None", "display": "None" },
        { "value": "Left", "display": "Left" },
        { "value": "Right", "display": "Right" },
        { "value": "Up", "display": "Up" },
        { "value": "Down", "display": "Down" }
      ],
      "default": "Right"
    },
    {
      "id": "blink_frequency",
      "label": "Blink frequency",
      "type": "dropdown",
      "options": [
        { "value": "None", "display": "None" },
        { "value": "Rare", "display": "Rare" },
        { "value": "Random", "display": "Random" },
        { "value": "Every 3-6s", "display": "Every 3-6s" }
      ],
      "default": "Random"
    },
    {
      "id": "eye_lid_height",
      "label": "Eyelid height (%)",
      "type": "slider",
      "min": 0.0,
      "max": 100.0,
      "step": 1.0,
      "default": 80.0
    },
    {
      "id": "eye_direction",
      "label": "Gaze direction",
      "type": "dropdown",
      "options": [
        { "value": "Center", "display": "Center" },
        { "value": "Left", "display": "Left" },
        { "value": "Right", "display": "Right" },
        { "value": "Up", "display": "Up" },
        { "value": "Down", "display": "Down" },
        { "value": "Camera", "display": "At Camera" }
      ],
      "default": "Center"
    },
    {
      "id": "mouth_open",
      "label": "Mouth open (%)",
      "type": "slider",
      "min": 0.0,
      "max": 100.0,
      "step": 1.0,
      "default": 0.0
    },
    {
      "id": "smile_curve",
      "label": "Smile intensity",
      "type": "slider",
      "min": 0.0,
      "max": 100.0,
      "step": 1.0,
      "default": 10.0
    },
    {
      "id": "lip_bite",
      "label": "Lip bite (%)",
      "type": "slider",
      "min": 0.0,
      "max": 100.0,
      "step": 1.0,
      "default": 0.0
    },
    {
      "id": "nose_flare",
      "label": "Nose flare (%)",
      "type": "slider",
      "min": 0.0,
      "max": 100.0,
      "step": 1.0,
      "default": 0.0
    },
    {
      "id": "left_hand_gesture",
      "label": "Left Hand",
      "type": "dropdown",
      "options": [
        { "value": "Relaxed", "display": "Relaxed" },
        { "value": "Fist", "display": "Fist" },
        { "value": "Open Palm", "display": "Open Palm" },
        { "value": "Point", "display": "Point" },
        { "value": "Peace", "display": "Peace" },
        { "value": "Thumbs Up", "display": "Thumbs Up" },
        { "value": "Pinch", "display": "Pinch" }
      ],
      "default": "Relaxed"
    },
    {
      "id": "right_hand_gesture",
      "label": "Right Hand",
      "type": "dropdown",
      "options": [
        { "value": "Relaxed", "display": "Relaxed" },
        { "value": "Fist", "display": "Fist" },
        { "value": "Open Palm", "display": "Open Palm" },
        { "value": "Point", "display": "Point" },
        { "value": "Peace", "display": "Peace" },
        { "value": "Thumbs Up", "display": "Thumbs Up" },
        { "value": "Pinch", "display": "Pinch" }
      ],
      "default": "Relaxed"
    },
    {
      "id": "clothing_rustle",
      "label": "Clothing rustle (px)",
      "type": "slider",
      "min": 0.0,
      "max": 2.0,
      "step": 0.1,
      "default": 0.5
    },
    {
      "id": "laptop_wobble",
      "label": "Laptop/prop wobble (px)",
      "type": "slider",
      "min": 0.0,
      "max": 1.0,
      "step": 0.05,
      "default": 0.3
    }
  ]
}